city,zone,date,visitor_count,temperature,is_holiday
Jaipur,Zone A,2021-01-01,1659,5.38,1
Jaipur,Zone A,2021-01-31,1133,8.35,1
Jaipur,Zone A,2021-03-02,1180,15.15,0
Jaipur,Zone A,2021-04-01,1452,16.74,0
Jaipur,Zone A,2021-05-01,1026,15.6,0
Jaipur,Zone A,2021-05-31,826,25.11,0
Jaipur,Zone A,2021-06-30,675,18.98,0
Jaipur,Zone A,2021-07-30,1244,25.9,0
Jaipur,Zone A,2021-08-29,739,13.84,1
Jaipur,Zone A,2021-09-28,1229,16.38,0
Jaipur,Zone A,2021-10-28,741,11.34,1
Jaipur,Zone A,2021-11-27,1115,8.23,0
Jaipur,Zone A,2021-12-27,1907,6.53,1
Jaipur,Zone A,2022-01-26,1257,10.38,1
Jaipur,Zone A,2022-02-25,1332,8.97,0
Jaipur,Zone A,2022-03-27,630,11.89,0
Jaipur,Zone A,2022-04-26,623,16.58,0
Jaipur,Zone A,2022-05-26,1020,27.37,0
Jaipur,Zone A,2022-06-25,1650,26.55,0
Jaipur,Zone A,2022-07-25,1138,15.92,0
Jaipur,Zone A,2022-08-24,830,9.34,1
Jaipur,Zone A,2022-09-23,540,18.0,0
Jaipur,Zone A,2022-10-23,860,11.8,1
Jaipur,Zone A,2022-11-22,2024,7.44,0
Jaipur,Zone A,2022-12-22,1247,15.05,1
Jaipur,Zone A,2023-01-21,1901,14.72,1
Jaipur,Zone A,2023-02-20,1746,7.57,0
Jaipur,Zone A,2023-03-22,1208,7.45,0
Jaipur,Zone A,2023-04-21,857,34.79,0
Jaipur,Zone A,2023-05-21,1462,26.14,0
Jaipur,Zone A,2023-06-20,1424,31.86,0
Jaipur,Zone A,2023-07-20,1208,19.58,0
Jaipur,Zone A,2023-08-19,512,11.02,1
Jaipur,Zone A,2023-09-18,521,18.7,0
Jaipur,Zone A,2023-10-18,1163,9.72,1
Jaipur,Zone A,2023-11-17,1783,10.93,0
Jaipur,Zone A,2023-12-17,2218,11.88,1
Jaipur,Zone A,2024-01-16,1091,8.7,1
Jaipur,Zone A,2024-02-15,1648,8.94,0
Jaipur,Zone A,2024-03-16,1107,18.47,0
Jaipur,Zone A,2024-04-15,900,19.39,0
Jaipur,Zone A,2024-05-15,799,24.87,0
Jaipur,Zone A,2024-06-14,1439,32.22,0
Jaipur,Zone A,2024-07-14,716,18.2,0
Jaipur,Zone A,2024-08-13,1204,13.95,1
Jaipur,Zone A,2024-09-12,891,13.94,0
Jaipur,Zone A,2024-10-12,1014,8.77,1
Jaipur,Zone A,2024-11-11,1501,15.2,0
Jaipur,Zone A,2024-12-11,999,18.27,1
Jaipur,Zone A,2025-01-10,1870,16.53,1
Jaipur,Zone B,2021-01-01,1200,9.4,1
Jaipur,Zone B,2021-01-31,1007,5.05,1
Jaipur,Zone B,2021-03-02,1323,8.95,0
Jaipur,Zone B,2021-04-01,1107,18.57,0
Jaipur,Zone B,2021-05-01,1647,32.41,0
Jaipur,Zone B,2021-05-31,1029,25.15,0
Jaipur,Zone B,2021-06-30,782,22.48,0
Jaipur,Zone B,2021-07-30,703,34.07,0
Jaipur,Zone B,2021-08-29,1479,18.78,1
Jaipur,Zone B,2021-09-28,1095,12.33,0
Jaipur,Zone B,2021-10-28,606,18.18,1
Jaipur,Zone B,2021-11-27,2004,8.59,0
Jaipur,Zone B,2021-12-27,1164,19.2,1
Jaipur,Zone B,2022-01-26,967,12.29,1
Jaipur,Zone B,2022-02-25,949,12.99,0
Jaipur,Zone B,2022-03-27,560,14.9,0
Jaipur,Zone B,2022-04-26,1509,18.3,0
Jaipur,Zone B,2022-05-26,1303,23.46,0
Jaipur,Zone B,2022-06-25,897,30.11,0
Jaipur,Zone B,2022-07-25,1157,29.26,0
Jaipur,Zone B,2022-08-24,979,14.75,1
Jaipur,Zone B,2022-09-23,980,11.77,0
Jaipur,Zone B,2022-10-23,710,5.96,1
Jaipur,Zone B,2022-11-22,831,13.31,0
Jaipur,Zone B,2022-12-22,1609,5.11,1
Jaipur,Zone B,2023-01-21,1897,5.88,1
Jaipur,Zone B,2023-02-20,761,17.89,0
Jaipur,Zone B,2023-03-22,603,8.57,0
Jaipur,Zone B,2023-04-21,1209,19.28,0
Jaipur,Zone B,2023-05-21,847,33.71,0
Jaipur,Zone B,2023-06-20,1347,24.45,0
Jaipur,Zone B,2023-07-20,1324,31.15,0
Jaipur,Zone B,2023-08-19,618,6.45,1
Jaipur,Zone B,2023-09-18,931,11.35,0
Jaipur,Zone B,2023-10-18,1064,5.81,1
Jaipur,Zone B,2023-11-17,1818,6.48,0
Jaipur,Zone B,2023-12-17,1454,10.09,1
Jaipur,Zone B,2024-01-16,2000,8.73,1
Jaipur,Zone B,2024-02-15,1078,11.73,0
Jaipur,Zone B,2024-03-16,878,9.18,0
Jaipur,Zone B,2024-04-15,674,23.86,0
Jaipur,Zone B,2024-05-15,1698,16.96,0
Jaipur,Zone B,2024-06-14,1438,31.72,0
Jaipur,Zone B,2024-07-14,1415,33.53,0
Jaipur,Zone B,2024-08-13,1329,7.49,1
Jaipur,Zone B,2024-09-12,1020,8.21,0
Jaipur,Zone B,2024-10-12,825,7.47,1
Jaipur,Zone B,2024-11-11,752,8.98,0
Jaipur,Zone B,2024-12-11,2053,11.83,1
Jaipur,Zone B,2025-01-10,1477,19.36,1
Jaipur,Zone C,2021-01-01,1995,14.93,1
Jaipur,Zone C,2021-01-31,1436,7.85,1
Jaipur,Zone C,2021-03-02,636,13.69,0
Jaipur,Zone C,2021-04-01,970,29.96,0
Jaipur,Zone C,2021-05-01,581,26.68,0
Jaipur,Zone C,2021-05-31,1251,18.15,0
Jaipur,Zone C,2021-06-30,1809,16.6,0
Jaipur,Zone C,2021-07-30,607,26.9,0
Jaipur,Zone C,2021-08-29,1151,11.06,1
Jaipur,Zone C,2021-09-28,1509,8.69,0
Jaipur,Zone C,2021-10-28,1018,14.29,1
Jaipur,Zone C,2021-11-27,1461,13.76,0
Jaipur,Zone C,2021-12-27,1532,19.02,1
Jaipur,Zone C,2022-01-26,1134,15.74,1
Jaipur,Zone C,2022-02-25,1083,10.94,0
Jaipur,Zone C,2022-03-27,1252,9.5,0
Jaipur,Zone C,2022-04-26,915,33.71,0
Jaipur,Zone C,2022-05-26,627,27.42,0
Jaipur,Zone C,2022-06-25,1216,16.47,0
Jaipur,Zone C,2022-07-25,747,20.3,0
Jaipur,Zone C,2022-08-24,1444,18.21,1
Jaipur,Zone C,2022-09-23,1362,10.54,0
Jaipur,Zone C,2022-10-23,673,17.51,1
Jaipur,Zone C,2022-11-22,1807,14.18,0
Jaipur,Zone C,2022-12-22,2056,12.93,1
Jaipur,Zone C,2023-01-21,1815,9.49,1
Jaipur,Zone C,2023-02-20,1694,19.08,0
Jaipur,Zone C,2023-03-22,604,6.73,0
Jaipur,Zone C,2023-04-21,699,26.06,0
Jaipur,Zone C,2023-05-21,905,27.1,0
Jaipur,Zone C,2023-06-20,1467,19.07,0
Jaipur,Zone C,2023-07-20,1116,25.11,0
Jaipur,Zone C,2023-08-19,670,6.38,1
Jaipur,Zone C,2023-09-18,903,5.66,0
Jaipur,Zone C,2023-10-18,938,6.96,1
Jaipur,Zone C,2023-11-17,1093,16.12,0
Jaipur,Zone C,2023-12-17,1676,11.42,1
Jaipur,Zone C,2024-01-16,691,6.13,1
Jaipur,Zone C,2024-02-15,2182,18.56,0
Jaipur,Zone C,2024-03-16,967,17.52,0
Jaipur,Zone C,2024-04-15,1137,17.96,0
Jaipur,Zone C,2024-05-15,666,21.17,0
Jaipur,Zone C,2024-06-14,1614,32.98,0
Jaipur,Zone C,2024-07-14,789,19.99,0
Jaipur,Zone C,2024-08-13,595,16.7,1
Jaipur,Zone C,2024-09-12,1409,19.61,0
Jaipur,Zone C,2024-10-12,1206,18.89,1
Jaipur,Zone C,2024-11-11,1054,19.64,0
Jaipur,Zone C,2024-12-11,1940,18.22,1
Jaipur,Zone C,2025-01-10,732,16.05,1
Jaipur,Zone D,2021-01-01,1360,18.96,1
Jaipur,Zone D,2021-01-31,2052,17.96,1
Jaipur,Zone D,2021-03-02,1293,9.0,0
Jaipur,Zone D,2021-04-01,1385,17.16,0
Jaipur,Zone D,2021-05-01,1580,32.17,0
Jaipur,Zone D,2021-05-31,823,31.33,0
Jaipur,Zone D,2021-06-30,1154,21.1,0
Jaipur,Zone D,2021-07-30,1272,19.46,0
Jaipur,Zone D,2021-08-29,1124,10.98,1
Jaipur,Zone D,2021-09-28,702,19.5,0
Jaipur,Zone D,2021-10-28,774,14.62,1
Jaipur,Zone D,2021-11-27,1436,19.72,0
Jaipur,Zone D,2021-12-27,1557,19.09,1
Jaipur,Zone D,2022-01-26,893,7.68,1
Jaipur,Zone D,2022-02-25,2194,5.57,0
Jaipur,Zone D,2022-03-27,1121,10.19,0
Jaipur,Zone D,2022-04-26,1285,23.73,0
Jaipur,Zone D,2022-05-26,1156,22.7,0
Jaipur,Zone D,2022-06-25,1256,20.09,0
Jaipur,Zone D,2022-07-25,1236,15.03,0
Jaipur,Zone D,2022-08-24,1484,15.3,1
Jaipur,Zone D,2022-09-23,1551,16.06,0
Jaipur,Zone D,2022-10-23,694,11.47,1
Jaipur,Zone D,2022-11-22,2276,18.81,0
Jaipur,Zone D,2022-12-22,1687,14.95,1
Jaipur,Zone D,2023-01-21,1024,18.5,1
Jaipur,Zone D,2023-02-20,1507,15.0,0
Jaipur,Zone D,2023-03-22,837,15.46,0
Jaipur,Zone D,2023-04-21,999,18.84,0
Jaipur,Zone D,2023-05-21,1413,28.55,0
Jaipur,Zone D,2023-06-20,1652,27.31,0
Jaipur,Zone D,2023-07-20,811,25.96,0
Jaipur,Zone D,2023-08-19,477,9.3,1
Jaipur,Zone D,2023-09-18,988,14.1,0
Jaipur,Zone D,2023-10-18,848,11.63,1
Jaipur,Zone D,2023-11-17,1740,12.67,0
Jaipur,Zone D,2023-12-17,2056,7.55,1
Jaipur,Zone D,2024-01-16,851,12.73,1
Jaipur,Zone D,2024-02-15,1780,10.03,0
Jaipur,Zone D,2024-03-16,1430,8.52,0
Jaipur,Zone D,2024-04-15,774,31.13,0
Jaipur,Zone D,2024-05-15,686,15.92,0
Jaipur,Zone D,2024-06-14,1239,31.99,0
Jaipur,Zone D,2024-07-14,590,23.29,0
Jaipur,Zone D,2024-08-13,1191,7.92,1
Jaipur,Zone D,2024-09-12,1211,12.42,0
Jaipur,Zone D,2024-10-12,686,14.84,1
Jaipur,Zone D,2024-11-11,849,17.91,0
Jaipur,Zone D,2024-12-11,2036,16.68,1
Jaipur,Zone D,2025-01-10,1031,17.06,1
Goa,Zone A,2021-01-01,1850,11.97,1
Goa,Zone A,2021-01-31,1568,18.76,1
Goa,Zone A,2021-03-02,640,7.0,0
Goa,Zone A,2021-04-01,1045,25.62,0
Goa,Zone A,2021-05-01,1338,21.35,0
Goa,Zone A,2021-05-31,1540,27.25,0
Goa,Zone A,2021-06-30,1512,23.53,0
Goa,Zone A,2021-07-30,1468,23.92,0
Goa,Zone A,2021-08-29,752,17.92,1
Goa,Zone A,2021-09-28,926,16.28,0
Goa,Zone A,2021-10-28,1423,9.16,1
Goa,Zone A,2021-11-27,1977,12.27,0
Goa,Zone A,2021-12-27,1086,11.6,1
Goa,Zone A,2022-01-26,1818,8.52,1
Goa,Zone A,2022-02-25,1245,18.4,0
Goa,Zone A,2022-03-27,517,7.26,0
Goa,Zone A,2022-04-26,969,18.06,0
Goa,Zone A,2022-05-26,778,23.3,0
Goa,Zone A,2022-06-25,1043,24.32,0
Goa,Zone A,2022-07-25,515,31.66,0
Goa,Zone A,2022-08-24,995,13.76,1
Goa,Zone A,2022-09-23,1117,17.85,0
Goa,Zone A,2022-10-23,1330,10.71,1
Goa,Zone A,2022-11-22,749,9.48,0
Goa,Zone A,2022-12-22,1355,13.07,1
Goa,Zone A,2023-01-21,1917,17.0,1
Goa,Zone A,2023-02-20,2084,12.32,0
Goa,Zone A,2023-03-22,790,12.28,0
Goa,Zone A,2023-04-21,884,28.38,0
Goa,Zone A,2023-05-21,1583,29.48,0
Goa,Zone A,2023-06-20,1651,33.39,0
Goa,Zone A,2023-07-20,1173,15.54,0
Goa,Zone A,2023-08-19,954,13.47,1
Goa,Zone A,2023-09-18,448,14.64,0
Goa,Zone A,2023-10-18,656,7.73,1
Goa,Zone A,2023-11-17,1146,9.91,0
Goa,Zone A,2023-12-17,1430,10.06,1
Goa,Zone A,2024-01-16,2097,9.17,1
Goa,Zone A,2024-02-15,2218,8.78,0
Goa,Zone A,2024-03-16,603,5.29,0
Goa,Zone A,2024-04-15,965,35.0,0
Goa,Zone A,2024-05-15,986,28.0,0
Goa,Zone A,2024-06-14,1624,15.81,0
Goa,Zone A,2024-07-14,494,18.99,0
Goa,Zone A,2024-08-13,579,7.29,1
Goa,Zone A,2024-09-12,650,15.04,0
Goa,Zone A,2024-10-12,1032,11.98,1
Goa,Zone A,2024-11-11,1239,10.53,0
Goa,Zone A,2024-12-11,1735,19.46,1
Goa,Zone A,2025-01-10,1781,16.67,1
Goa,Zone B,2021-01-01,979,6.62,1
Goa,Zone B,2021-01-31,768,13.64,1
Goa,Zone B,2021-03-02,1425,10.95,0
Goa,Zone B,2021-04-01,1182,16.52,0
Goa,Zone B,2021-05-01,1508,19.86,0
Goa,Zone B,2021-05-31,1552,21.03,0
Goa,Zone B,2021-06-30,1493,31.11,0
Goa,Zone B,2021-07-30,1359,30.65,0
Goa,Zone B,2021-08-29,891,11.43,1
Goa,Zone B,2021-09-28,796,12.59,0
Goa,Zone B,2021-10-28,752,17.74,1
Goa,Zone B,2021-11-27,2038,6.58,0
Goa,Zone B,2021-12-27,2216,14.53,1
Goa,Zone B,2022-01-26,2039,15.61,1
Goa,Zone B,2022-02-25,1362,16.01,0
Goa,Zone B,2022-03-27,1554,9.05,0
Goa,Zone B,2022-04-26,1364,30.49,0
Goa,Zone B,2022-05-26,1182,31.51,0
Goa,Zone B,2022-06-25,1295,21.45,0
Goa,Zone B,2022-07-25,673,20.58,0
Goa,Zone B,2022-08-24,923,16.26,1
Goa,Zone B,2022-09-23,1139,15.02,0
Goa,Zone B,2022-10-23,751,12.41,1
Goa,Zone B,2022-11-22,1194,12.31,0
Goa,Zone B,2022-12-22,1260,10.11,1
Goa,Zone B,2023-01-21,2153,15.52,1
Goa,Zone B,2023-02-20,1215,5.15,0
Goa,Zone B,2023-03-22,1418,6.28,0
Goa,Zone B,2023-04-21,1241,24.77,0
Goa,Zone B,2023-05-21,1492,28.81,0
Goa,Zone B,2023-06-20,1475,24.82,0
Goa,Zone B,2023-07-20,1215,16.86,0
Goa,Zone B,2023-08-19,729,15.38,1
Goa,Zone B,2023-09-18,882,13.72,0
Goa,Zone B,2023-10-18,1025,12.96,1
Goa,Zone B,2023-11-17,1492,13.26,0
Goa,Zone B,2023-12-17,1369,11.81,1
Goa,Zone B,2024-01-16,1183,8.46,1
Goa,Zone B,2024-02-15,1806,9.73,0
Goa,Zone B,2024-03-16,1297,19.26,0
Goa,Zone B,2024-04-15,1153,18.83,0
Goa,Zone B,2024-05-15,1530,20.53,0
Goa,Zone B,2024-06-14,1417,25.49,0
Goa,Zone B,2024-07-14,714,31.65,0
Goa,Zone B,2024-08-13,761,10.41,1
Goa,Zone B,2024-09-12,712,15.62,0
Goa,Zone B,2024-10-12,599,5.68,1
Goa,Zone B,2024-11-11,873,9.38,0
Goa,Zone B,2024-12-11,2131,14.57,1
Goa,Zone B,2025-01-10,1930,6.54,1
Goa,Zone C,2021-01-01,814,9.27,1
Goa,Zone C,2021-01-31,1497,10.11,1
Goa,Zone C,2021-03-02,1401,8.79,0
Goa,Zone C,2021-04-01,1404,17.28,0
Goa,Zone C,2021-05-01,681,24.83,0
Goa,Zone C,2021-05-31,1369,28.73,0
Goa,Zone C,2021-06-30,724,31.22,0
Goa,Zone C,2021-07-30,1448,16.7,0
Goa,Zone C,2021-08-29,684,13.37,1
Goa,Zone C,2021-09-28,981,13.94,0
Goa,Zone C,2021-10-28,1090,16.64,1
Goa,Zone C,2021-11-27,1348,18.63,0
Goa,Zone C,2021-12-27,1256,19.85,1
Goa,Zone C,2022-01-26,1263,14.32,1
Goa,Zone C,2022-02-25,1775,6.49,0
Goa,Zone C,2022-03-27,1234,14.38,0
Goa,Zone C,2022-04-26,839,16.62,0
Goa,Zone C,2022-05-26,838,26.04,0
Goa,Zone C,2022-06-25,692,23.17,0
Goa,Zone C,2022-07-25,1257,24.4,0
Goa,Zone C,2022-08-24,492,9.32,1
Goa,Zone C,2022-09-23,868,17.89,0
Goa,Zone C,2022-10-23,647,8.5,1
Goa,Zone C,2022-11-22,1215,13.85,0
Goa,Zone C,2022-12-22,1934,11.38,1
Goa,Zone C,2023-01-21,1542,14.71,1
Goa,Zone C,2023-02-20,2113,17.4,0
Goa,Zone C,2023-03-22,488,7.49,0
Goa,Zone C,2023-04-21,866,29.98,0
Goa,Zone C,2023-05-21,1271,23.78,0
Goa,Zone C,2023-06-20,1250,21.08,0
Goa,Zone C,2023-07-20,881,25.01,0
Goa,Zone C,2023-08-19,1017,6.21,1
Goa,Zone C,2023-09-18,550,16.02,0
Goa,Zone C,2023-10-18,1082,5.39,1
Goa,Zone C,2023-11-17,1173,17.54,0
Goa,Zone C,2023-12-17,1683,19.26,1
Goa,Zone C,2024-01-16,1996,17.32,1
Goa,Zone C,2024-02-15,1545,16.45,0
Goa,Zone C,2024-03-16,699,12.78,0
Goa,Zone C,2024-04-15,923,18.63,0
Goa,Zone C,2024-05-15,1329,27.7,0
Goa,Zone C,2024-06-14,1126,24.4,0
Goa,Zone C,2024-07-14,903,21.42,0
Goa,Zone C,2024-08-13,548,9.95,1
Goa,Zone C,2024-09-12,1236,9.32,0
Goa,Zone C,2024-10-12,1469,17.2,1
Goa,Zone C,2024-11-11,1503,11.82,0
Goa,Zone C,2024-12-11,1197,9.85,1
Goa,Zone C,2025-01-10,2336,11.06,1
Goa,Zone D,2021-01-01,1439,14.86,1
Goa,Zone D,2021-01-31,1600,11.2,1
Goa,Zone D,2021-03-02,724,10.43,0
Goa,Zone D,2021-04-01,1301,27.51,0
Goa,Zone D,2021-05-01,1446,19.07,0
Goa,Zone D,2021-05-31,1207,33.55,0
Goa,Zone D,2021-06-30,1215,24.69,0
Goa,Zone D,2021-07-30,590,27.18,0
Goa,Zone D,2021-08-29,826,7.38,1
Goa,Zone D,2021-09-28,967,13.28,0
Goa,Zone D,2021-10-28,552,19.88,1
Goa,Zone D,2021-11-27,2080,11.92,0
Goa,Zone D,2021-12-27,995,17.48,1
Goa,Zone D,2022-01-26,1598,9.38,1
Goa,Zone D,2022-02-25,1802,11.23,0
Goa,Zone D,2022-03-27,1014,8.66,0
Goa,Zone D,2022-04-26,1001,22.67,0
Goa,Zone D,2022-05-26,1784,25.16,0
Goa,Zone D,2022-06-25,1614,32.28,0
Goa,Zone D,2022-07-25,879,30.8,0
Goa,Zone D,2022-08-24,911,19.01,1
Goa,Zone D,2022-09-23,987,17.31,0
Goa,Zone D,2022-10-23,874,9.48,1
Goa,Zone D,2022-11-22,1699,19.98,0
Goa,Zone D,2022-12-22,1439,11.7,1
Goa,Zone D,2023-01-21,1480,9.99,1
Goa,Zone D,2023-02-20,1960,10.66,0
Goa,Zone D,2023-03-22,1437,18.04,0
Goa,Zone D,2023-04-21,1175,26.44,0
Goa,Zone D,2023-05-21,984,23.22,0
Goa,Zone D,2023-06-20,1080,24.46,0
Goa,Zone D,2023-07-20,1432,22.72,0
Goa,Zone D,2023-08-19,1245,19.71,1
Goa,Zone D,2023-09-18,916,6.89,0
Goa,Zone D,2023-10-18,1539,9.98,1
Goa,Zone D,2023-11-17,915,6.5,0
Goa,Zone D,2023-12-17,2164,5.23,1
Goa,Zone D,2024-01-16,974,18.06,1
Goa,Zone D,2024-02-15,2178,6.12,0
Goa,Zone D,2024-03-16,1267,10.08,0
Goa,Zone D,2024-04-15,1210,28.0,0
Goa,Zone D,2024-05-15,1630,32.05,0
Goa,Zone D,2024-06-14,1690,22.6,0
Goa,Zone D,2024-07-14,884,29.37,0
Goa,Zone D,2024-08-13,1301,18.09,1
Goa,Zone D,2024-09-12,594,6.03,0
Goa,Zone D,2024-10-12,1221,18.81,1
Goa,Zone D,2024-11-11,1189,6.36,0
Goa,Zone D,2024-12-11,994,14.51,1
Goa,Zone D,2025-01-10,2014,11.66,1
Shimla,Zone A,2021-01-01,1791,18.55,1
Shimla,Zone A,2021-01-31,803,16.94,1
Shimla,Zone A,2021-03-02,791,10.62,0
Shimla,Zone A,2021-04-01,611,25.62,0
Shimla,Zone A,2021-05-01,1368,30.85,0
Shimla,Zone A,2021-05-31,752,16.58,0
Shimla,Zone A,2021-06-30,1666,27.39,0
Shimla,Zone A,2021-07-30,773,33.26,0
Shimla,Zone A,2021-08-29,605,11.92,1
Shimla,Zone A,2021-09-28,777,8.83,0
Shimla,Zone A,2021-10-28,528,18.52,1
Shimla,Zone A,2021-11-27,1828,7.37,0
Shimla,Zone A,2021-12-27,1416,19.81,1
Shimla,Zone A,2022-01-26,1272,19.43,1
Shimla,Zone A,2022-02-25,1773,11.85,0
Shimla,Zone A,2022-03-27,759,19.99,0
Shimla,Zone A,2022-04-26,1396,17.13,0
Shimla,Zone A,2022-05-26,1114,22.18,0
Shimla,Zone A,2022-06-25,1041,20.9,0
Shimla,Zone A,2022-07-25,1417,22.92,0
Shimla,Zone A,2022-08-24,552,17.98,1
Shimla,Zone A,2022-09-23,1386,19.6,0
Shimla,Zone A,2022-10-23,1487,16.18,1
Shimla,Zone A,2022-11-22,2001,16.64,0
Shimla,Zone A,2022-12-22,1157,17.03,1
Shimla,Zone A,2023-01-21,1148,7.85,1
Shimla,Zone A,2023-02-20,1207,16.33,0
Shimla,Zone A,2023-03-22,1353,15.21,0
Shimla,Zone A,2023-04-21,700,16.94,0
Shimla,Zone A,2023-05-21,1435,15.79,0
Shimla,Zone A,2023-06-20,1580,15.67,0
Shimla,Zone A,2023-07-20,960,17.63,0
Shimla,Zone A,2023-08-19,1406,9.9,1
Shimla,Zone A,2023-09-18,869,8.01,0
Shimla,Zone A,2023-10-18,1343,18.15,1
Shimla,Zone A,2023-11-17,1346,12.53,0
Shimla,Zone A,2023-12-17,1110,8.85,1
Shimla,Zone A,2024-01-16,2039,19.51,1
Shimla,Zone A,2024-02-15,1294,18.06,0
Shimla,Zone A,2024-03-16,1252,12.02,0
Shimla,Zone A,2024-04-15,513,30.08,0
Shimla,Zone A,2024-05-15,950,29.48,0
Shimla,Zone A,2024-06-14,1129,22.32,0
Shimla,Zone A,2024-07-14,1310,15.28,0
Shimla,Zone A,2024-08-13,980,11.82,1
Shimla,Zone A,2024-09-12,1279,15.09,0
Shimla,Zone A,2024-10-12,1095,17.34,1
Shimla,Zone A,2024-11-11,2188,6.63,0
Shimla,Zone A,2024-12-11,1128,5.38,1
Shimla,Zone A,2025-01-10,2150,9.92,1
Shimla,Zone B,2021-01-01,1642,14.71,1
Shimla,Zone B,2021-01-31,1743,18.64,1
Shimla,Zone B,2021-03-02,875,11.12,0
Shimla,Zone B,2021-04-01,554,33.93,0
Shimla,Zone B,2021-05-01,999,17.32,0
Shimla,Zone B,2021-05-31,925,17.71,0
Shimla,Zone B,2021-06-30,1150,28.41,0
Shimla,Zone B,2021-07-30,1338,33.92,0
Shimla,Zone B,2021-08-29,979,16.13,1
Shimla,Zone B,2021-09-28,664,14.82,0
Shimla,Zone B,2021-10-28,1378,14.23,1
Shimla,Zone B,2021-11-27,2162,5.49,0
Shimla,Zone B,2021-12-27,1273,11.65,1
Shimla,Zone B,2022-01-26,2169,17.83,1
Shimla,Zone B,2022-02-25,976,10.51,0
Shimla,Zone B,2022-03-27,1488,10.38,0
Shimla,Zone B,2022-04-26,877,18.8,0
Shimla,Zone B,2022-05-26,766,16.83,0
Shimla,Zone B,2022-06-25,924,27.79,0
Shimla,Zone B,2022-07-25,1399,16.01,0
Shimla,Zone B,2022-08-24,803,19.83,1
Shimla,Zone B,2022-09-23,1349,8.08,0
Shimla,Zone B,2022-10-23,1444,13.31,1
Shimla,Zone B,2022-11-22,1605,17.2,0
Shimla,Zone B,2022-12-22,1091,16.62,1
Shimla,Zone B,2023-01-21,2012,5.04,1
Shimla,Zone B,2023-02-20,2005,19.81,0
Shimla,Zone B,2023-03-22,1017,16.98,0
Shimla,Zone B,2023-04-21,681,32.33,0
Shimla,Zone B,2023-05-21,663,22.16,0
Shimla,Zone B,2023-06-20,1528,26.78,0
Shimla,Zone B,2023-07-20,460,20.31,0
Shimla,Zone B,2023-08-19,718,11.31,1
Shimla,Zone B,2023-09-18,706,5.95,0
Shimla,Zone B,2023-10-18,1058,10.43,1
Shimla,Zone B,2023-11-17,1587,11.78,0
Shimla,Zone B,2023-12-17,1146,5.65,1
Shimla,Zone B,2024-01-16,2021,12.82,1
Shimla,Zone B,2024-02-15,1517,19.46,0
Shimla,Zone B,2024-03-16,584,17.71,0
Shimla,Zone B,2024-04-15,1011,17.16,0
Shimla,Zone B,2024-05-15,1487,16.47,0
Shimla,Zone B,2024-06-14,680,27.17,0
Shimla,Zone B,2024-07-14,499,20.5,0
Shimla,Zone B,2024-08-13,1197,13.23,1
Shimla,Zone B,2024-09-12,829,19.92,0
Shimla,Zone B,2024-10-12,1018,11.81,1
Shimla,Zone B,2024-11-11,1688,6.49,0
Shimla,Zone B,2024-12-11,1756,17.79,1
Shimla,Zone B,2025-01-10,1845,13.27,1
Shimla,Zone C,2021-01-01,2034,11.45,1
Shimla,Zone C,2021-01-31,2071,11.21,1
Shimla,Zone C,2021-03-02,1363,10.98,0
Shimla,Zone C,2021-04-01,1171,21.25,0
Shimla,Zone C,2021-05-01,1054,20.1,0
Shimla,Zone C,2021-05-31,1710,28.74,0
Shimla,Zone C,2021-06-30,1099,16.82,0
Shimla,Zone C,2021-07-30,510,23.64,0
Shimla,Zone C,2021-08-29,1351,10.59,1
Shimla,Zone C,2021-09-28,675,5.9,0
Shimla,Zone C,2021-10-28,1522,13.43,1
Shimla,Zone C,2021-11-27,1710,11.16,0
Shimla,Zone C,2021-12-27,2161,19.12,1
Shimla,Zone C,2022-01-26,1483,5.77,1
Shimla,Zone C,2022-02-25,1244,9.69,0
Shimla,Zone C,2022-03-27,653,12.61,0
Shimla,Zone C,2022-04-26,726,24.64,0
Shimla,Zone C,2022-05-26,1567,22.0,0
Shimla,Zone C,2022-06-25,1276,17.3,0
Shimla,Zone C,2022-07-25,831,19.52,0
Shimla,Zone C,2022-08-24,982,19.62,1
Shimla,Zone C,2022-09-23,1397,14.2,0
Shimla,Zone C,2022-10-23,1200,5.39,1
Shimla,Zone C,2022-11-22,2244,17.44,0
Shimla,Zone C,2022-12-22,1066,7.71,1
Shimla,Zone C,2023-01-21,1923,9.63,1
Shimla,Zone C,2023-02-20,1259,5.09,0
Shimla,Zone C,2023-03-22,1326,13.49,0
Shimla,Zone C,2023-04-21,827,17.84,0
Shimla,Zone C,2023-05-21,1284,16.84,0
Shimla,Zone C,2023-06-20,1206,22.52,0
Shimla,Zone C,2023-07-20,951,18.15,0
Shimla,Zone C,2023-08-19,903,9.87,1
Shimla,Zone C,2023-09-18,1509,13.94,0
Shimla,Zone C,2023-10-18,1317,7.33,1
Shimla,Zone C,2023-11-17,1966,5.75,0
Shimla,Zone C,2023-12-17,843,11.65,1
Shimla,Zone C,2024-01-16,1425,14.11,1
Shimla,Zone C,2024-02-15,1355,8.23,0
Shimla,Zone C,2024-03-16,953,10.18,0
Shimla,Zone C,2024-04-15,585,28.56,0
Shimla,Zone C,2024-05-15,1352,25.54,0
Shimla,Zone C,2024-06-14,889,19.41,0
Shimla,Zone C,2024-07-14,1027,15.15,0
Shimla,Zone C,2024-08-13,762,16.51,1
Shimla,Zone C,2024-09-12,1247,9.34,0
Shimla,Zone C,2024-10-12,523,12.46,1
Shimla,Zone C,2024-11-11,1354,6.94,0
Shimla,Zone C,2024-12-11,1647,8.45,1
Shimla,Zone C,2025-01-10,1679,17.09,1
Shimla,Zone D,2021-01-01,860,17.93,1
Shimla,Zone D,2021-01-31,825,5.28,1
Shimla,Zone D,2021-03-02,1362,17.93,0
Shimla,Zone D,2021-04-01,1098,26.47,0
Shimla,Zone D,2021-05-01,1534,23.35,0
Shimla,Zone D,2021-05-31,743,15.42,0
Shimla,Zone D,2021-06-30,941,31.03,0
Shimla,Zone D,2021-07-30,1149,31.64,0
Shimla,Zone D,2021-08-29,1433,6.32,1
Shimla,Zone D,2021-09-28,1291,8.65,0
Shimla,Zone D,2021-10-28,1105,12.86,1
Shimla,Zone D,2021-11-27,1336,16.19,0
Shimla,Zone D,2021-12-27,1074,16.69,1
Shimla,Zone D,2022-01-26,897,14.5,1
Shimla,Zone D,2022-02-25,1594,7.91,0
Shimla,Zone D,2022-03-27,1283,10.27,0
Shimla,Zone D,2022-04-26,1546,31.3,0
Shimla,Zone D,2022-05-26,815,17.93,0
Shimla,Zone D,2022-06-25,786,27.05,0
Shimla,Zone D,2022-07-25,1372,28.11,0
Shimla,Zone D,2022-08-24,778,14.42,1
Shimla,Zone D,2022-09-23,1068,13.46,0
Shimla,Zone D,2022-10-23,1107,15.22,1
Shimla,Zone D,2022-11-22,2148,14.64,0
Shimla,Zone D,2022-12-22,1690,17.96,1
Shimla,Zone D,2023-01-21,1693,7.26,1
Shimla,Zone D,2023-02-20,873,11.63,0
Shimla,Zone D,2023-03-22,780,13.87,0
Shimla,Zone D,2023-04-21,889,16.48,0
Shimla,Zone D,2023-05-21,1181,15.75,0
Shimla,Zone D,2023-06-20,1025,16.53,0
Shimla,Zone D,2023-07-20,1307,27.3,0
Shimla,Zone D,2023-08-19,1017,11.94,1
Shimla,Zone D,2023-09-18,1156,18.44,0
Shimla,Zone D,2023-10-18,1006,14.78,1
Shimla,Zone D,2023-11-17,1297,12.13,0
Shimla,Zone D,2023-12-17,896,11.76,1
Shimla,Zone D,2024-01-16,1982,19.74,1
Shimla,Zone D,2024-02-15,908,14.69,0
Shimla,Zone D,2024-03-16,503,15.61,0
Shimla,Zone D,2024-04-15,983,25.45,0
Shimla,Zone D,2024-05-15,787,22.46,0
Shimla,Zone D,2024-06-14,945,23.18,0
Shimla,Zone D,2024-07-14,919,26.96,0
Shimla,Zone D,2024-08-13,1369,14.71,1
Shimla,Zone D,2024-09-12,551,6.42,0
Shimla,Zone D,2024-10-12,1192,9.26,1
Shimla,Zone D,2024-11-11,1929,19.47,0
Shimla,Zone D,2024-12-11,1613,10.0,1
Shimla,Zone D,2025-01-10,1713,7.12,1
Udaipur,Zone A,2021-01-01,1266,19.52,1
Udaipur,Zone A,2021-01-31,1891,10.88,1
Udaipur,Zone A,2021-03-02,1190,19.07,0
Udaipur,Zone A,2021-04-01,860,22.53,0
Udaipur,Zone A,2021-05-01,1556,31.26,0
Udaipur,Zone A,2021-05-31,1502,31.58,0
Udaipur,Zone A,2021-06-30,1582,33.25,0
Udaipur,Zone A,2021-07-30,660,28.41,0
Udaipur,Zone A,2021-08-29,1012,5.27,1
Udaipur,Zone A,2021-09-28,762,19.27,0
Udaipur,Zone A,2021-10-28,945,12.29,1
Udaipur,Zone A,2021-11-27,1031,7.32,0
Udaipur,Zone A,2021-12-27,1128,12.62,1
Udaipur,Zone A,2022-01-26,1667,18.26,1
Udaipur,Zone A,2022-02-25,876,10.05,0
Udaipur,Zone A,2022-03-27,1342,6.97,0
Udaipur,Zone A,2022-04-26,824,18.24,0
Udaipur,Zone A,2022-05-26,1698,30.42,0
Udaipur,Zone A,2022-06-25,1535,29.42,0
Udaipur,Zone A,2022-07-25,549,22.29,0
Udaipur,Zone A,2022-08-24,1196,19.54,1
Udaipur,Zone A,2022-09-23,1097,16.29,0
Udaipur,Zone A,2022-10-23,1316,8.51,1
Udaipur,Zone A,2022-11-22,1095,19.48,0
Udaipur,Zone A,2022-12-22,1974,18.56,1
Udaipur,Zone A,2023-01-21,1041,15.17,1
Udaipur,Zone A,2023-02-20,1638,11.93,0
Udaipur,Zone A,2023-03-22,887,10.73,0
Udaipur,Zone A,2023-04-21,1047,34.33,0
Udaipur,Zone A,2023-05-21,1554,31.03,0
Udaipur,Zone A,2023-06-20,733,16.04,0
Udaipur,Zone A,2023-07-20,987,26.09,0
Udaipur,Zone A,2023-08-19,687,17.69,1
Udaipur,Zone A,2023-09-18,1302,9.28,0
Udaipur,Zone A,2023-10-18,1222,9.09,1
Udaipur,Zone A,2023-11-17,2171,7.21,0
Udaipur,Zone A,2023-12-17,1343,19.2,1
Udaipur,Zone A,2024-01-16,1105,18.27,1
Udaipur,Zone A,2024-02-15,2084,11.22,0
Udaipur,Zone A,2024-03-16,933,10.61,0
Udaipur,Zone A,2024-04-15,815,22.5,0
Udaipur,Zone A,2024-05-15,614,33.62,0
Udaipur,Zone A,2024-06-14,1712,28.0,0
Udaipur,Zone A,2024-07-14,1247,17.75,0
Udaipur,Zone A,2024-08-13,813,15.44,1
Udaipur,Zone A,2024-09-12,736,15.58,0
Udaipur,Zone A,2024-10-12,1016,5.08,1
Udaipur,Zone A,2024-11-11,775,8.84,0
Udaipur,Zone A,2024-12-11,1970,13.23,1
Udaipur,Zone A,2025-01-10,1921,12.92,1
Udaipur,Zone B,2021-01-01,1017,9.32,1
Udaipur,Zone B,2021-01-31,1143,5.72,1
Udaipur,Zone B,2021-03-02,992,16.91,0
Udaipur,Zone B,2021-04-01,884,17.22,0
Udaipur,Zone B,2021-05-01,1738,26.93,0
Udaipur,Zone B,2021-05-31,680,25.31,0
Udaipur,Zone B,2021-06-30,979,17.87,0
Udaipur,Zone B,2021-07-30,839,27.3,0
Udaipur,Zone B,2021-08-29,792,11.25,1
Udaipur,Zone B,2021-09-28,1251,6.28,0
Udaipur,Zone B,2021-10-28,1490,6.02,1
Udaipur,Zone B,2021-11-27,1596,12.61,0
Udaipur,Zone B,2021-12-27,1569,5.31,1
Udaipur,Zone B,2022-01-26,2111,5.65,1
Udaipur,Zone B,2022-02-25,1339,8.8,0
Udaipur,Zone B,2022-03-27,507,16.83,0
Udaipur,Zone B,2022-04-26,814,29.66,0
Udaipur,Zone B,2022-05-26,1297,30.43,0
Udaipur,Zone B,2022-06-25,1595,21.65,0
Udaipur,Zone B,2022-07-25,535,25.92,0
Udaipur,Zone B,2022-08-24,1397,7.63,1
Udaipur,Zone B,2022-09-23,1372,11.97,0
Udaipur,Zone B,2022-10-23,1234,14.48,1
Udaipur,Zone B,2022-11-22,1929,5.95,0
Udaipur,Zone B,2022-12-22,1958,5.55,1
Udaipur,Zone B,2023-01-21,970,16.87,1
Udaipur,Zone B,2023-02-20,2020,9.73,0
Udaipur,Zone B,2023-03-22,848,10.97,0
Udaipur,Zone B,2023-04-21,1373,24.47,0
Udaipur,Zone B,2023-05-21,736,27.94,0
Udaipur,Zone B,2023-06-20,941,32.24,0
Udaipur,Zone B,2023-07-20,615,21.64,0
Udaipur,Zone B,2023-08-19,621,11.55,1
Udaipur,Zone B,2023-09-18,999,11.6,0
Udaipur,Zone B,2023-10-18,1477,10.09,1
Udaipur,Zone B,2023-11-17,1063,15.38,0
Udaipur,Zone B,2023-12-17,1346,9.0,1
Udaipur,Zone B,2024-01-16,962,11.37,1
Udaipur,Zone B,2024-02-15,1464,19.93,0
Udaipur,Zone B,2024-03-16,723,9.41,0
Udaipur,Zone B,2024-04-15,525,21.56,0
Udaipur,Zone B,2024-05-15,940,23.92,0
Udaipur,Zone B,2024-06-14,1489,18.33,0
Udaipur,Zone B,2024-07-14,943,23.94,0
Udaipur,Zone B,2024-08-13,1234,14.22,1
Udaipur,Zone B,2024-09-12,915,14.59,0
Udaipur,Zone B,2024-10-12,1224,6.13,1
Udaipur,Zone B,2024-11-11,1731,10.45,0
Udaipur,Zone B,2024-12-11,2071,15.19,1
Udaipur,Zone B,2025-01-10,2119,7.14,1
Udaipur,Zone C,2021-01-01,1756,16.72,1
Udaipur,Zone C,2021-01-31,734,6.01,1
Udaipur,Zone C,2021-03-02,1362,10.49,0
Udaipur,Zone C,2021-04-01,937,15.65,0
Udaipur,Zone C,2021-05-01,861,24.0,0
Udaipur,Zone C,2021-05-31,1049,23.88,0
Udaipur,Zone C,2021-06-30,739,17.75,0
Udaipur,Zone C,2021-07-30,876,21.29,0
Udaipur,Zone C,2021-08-29,748,19.41,1
Udaipur,Zone C,2021-09-28,614,7.79,0
Udaipur,Zone C,2021-10-28,1029,18.7,1
Udaipur,Zone C,2021-11-27,897,16.62,0
Udaipur,Zone C,2021-12-27,1844,8.22,1
Udaipur,Zone C,2022-01-26,1662,15.41,1
Udaipur,Zone C,2022-02-25,1454,6.84,0
Udaipur,Zone C,2022-03-27,1291,11.78,0
Udaipur,Zone C,2022-04-26,1502,23.9,0
Udaipur,Zone C,2022-05-26,780,34.35,0
Udaipur,Zone C,2022-06-25,1062,21.95,0
Udaipur,Zone C,2022-07-25,606,25.84,0
Udaipur,Zone C,2022-08-24,1388,17.77,1
Udaipur,Zone C,2022-09-23,1309,18.91,0
Udaipur,Zone C,2022-10-23,1097,16.91,1
Udaipur,Zone C,2022-11-22,1487,6.82,0
Udaipur,Zone C,2022-12-22,992,8.55,1
Udaipur,Zone C,2023-01-21,1413,10.41,1
Udaipur,Zone C,2023-02-20,1623,12.01,0
Udaipur,Zone C,2023-03-22,997,14.18,0
Udaipur,Zone C,2023-04-21,504,21.19,0
Udaipur,Zone C,2023-05-21,1564,24.57,0
Udaipur,Zone C,2023-06-20,1200,23.19,0
Udaipur,Zone C,2023-07-20,1006,17.51,0
Udaipur,Zone C,2023-08-19,888,6.11,1
Udaipur,Zone C,2023-09-18,1051,12.76,0
Udaipur,Zone C,2023-10-18,730,13.27,1
Udaipur,Zone C,2023-11-17,1597,16.52,0
Udaipur,Zone C,2023-12-17,958,12.54,1
Udaipur,Zone C,2024-01-16,1997,17.47,1
Udaipur,Zone C,2024-02-15,1484,9.56,0
Udaipur,Zone C,2024-03-16,647,19.02,0
Udaipur,Zone C,2024-04-15,718,33.95,0
Udaipur,Zone C,2024-05-15,1209,31.92,0
Udaipur,Zone C,2024-06-14,857,27.7,0
Udaipur,Zone C,2024-07-14,1034,17.5,0
Udaipur,Zone C,2024-08-13,867,13.0,1
Udaipur,Zone C,2024-09-12,1078,7.53,0
Udaipur,Zone C,2024-10-12,1512,7.31,1
Udaipur,Zone C,2024-11-11,1820,15.81,0
Udaipur,Zone C,2024-12-11,1664,17.64,1
Udaipur,Zone C,2025-01-10,1525,17.38,1
Udaipur,Zone D,2021-01-01,713,5.68,1
Udaipur,Zone D,2021-01-31,1831,13.65,1
Udaipur,Zone D,2021-03-02,1119,16.5,0
Udaipur,Zone D,2021-04-01,984,27.78,0
Udaipur,Zone D,2021-05-01,1270,25.91,0
Udaipur,Zone D,2021-05-31,1365,24.66,0
Udaipur,Zone D,2021-06-30,1663,23.12,0
Udaipur,Zone D,2021-07-30,882,28.77,0
Udaipur,Zone D,2021-08-29,673,11.23,1
Udaipur,Zone D,2021-09-28,927,10.1,0
Udaipur,Zone D,2021-10-28,627,17.92,1
Udaipur,Zone D,2021-11-27,1326,19.82,0
Udaipur,Zone D,2021-12-27,1281,6.96,1
Udaipur,Zone D,2022-01-26,1349,13.42,1
Udaipur,Zone D,2022-02-25,1200,12.0,0
Udaipur,Zone D,2022-03-27,788,8.72,0
Udaipur,Zone D,2022-04-26,511,20.8,0
Udaipur,Zone D,2022-05-26,1128,23.36,0
Udaipur,Zone D,2022-06-25,1722,31.27,0
Udaipur,Zone D,2022-07-25,1503,29.42,0
Udaipur,Zone D,2022-08-24,789,7.39,1
Udaipur,Zone D,2022-09-23,1046,12.48,0
Udaipur,Zone D,2022-10-23,842,5.35,1
Udaipur,Zone D,2022-11-22,2200,12.58,0
Udaipur,Zone D,2022-12-22,2194,8.23,1
Udaipur,Zone D,2023-01-21,1203,5.76,1
Udaipur,Zone D,2023-02-20,1561,18.24,0
Udaipur,Zone D,2023-03-22,1241,12.06,0
Udaipur,Zone D,2023-04-21,951,31.94,0
Udaipur,Zone D,2023-05-21,1063,32.65,0
Udaipur,Zone D,2023-06-20,1485,30.28,0
Udaipur,Zone D,2023-07-20,785,23.01,0
Udaipur,Zone D,2023-08-19,1126,7.92,1
Udaipur,Zone D,2023-09-18,1039,6.1,0
Udaipur,Zone D,2023-10-18,1031,16.47,1
Udaipur,Zone D,2023-11-17,1238,15.21,0
Udaipur,Zone D,2023-12-17,863,19.63,1
Udaipur,Zone D,2024-01-16,1349,16.92,1
Udaipur,Zone D,2024-02-15,1312,19.08,0
Udaipur,Zone D,2024-03-16,1209,7.99,0
Udaipur,Zone D,2024-04-15,1023,25.0,0
Udaipur,Zone D,2024-05-15,564,17.74,0
Udaipur,Zone D,2024-06-14,1030,25.39,0
Udaipur,Zone D,2024-07-14,707,32.86,0
Udaipur,Zone D,2024-08-13,626,18.97,1
Udaipur,Zone D,2024-09-12,767,10.89,0
Udaipur,Zone D,2024-10-12,1220,17.64,1
Udaipur,Zone D,2024-11-11,1646,12.61,0
Udaipur,Zone D,2024-12-11,1567,12.35,1
Udaipur,Zone D,2025-01-10,1590,12.12,1
Manali,Zone A,2021-01-01,769,9.97,1
Manali,Zone A,2021-01-31,924,13.76,1
Manali,Zone A,2021-03-02,1400,18.08,0
Manali,Zone A,2021-04-01,1050,26.94,0
Manali,Zone A,2021-05-01,992,30.66,0
Manali,Zone A,2021-05-31,1600,26.55,0
Manali,Zone A,2021-06-30,1398,26.67,0
Manali,Zone A,2021-07-30,708,27.58,0
Manali,Zone A,2021-08-29,1232,17.62,1
Manali,Zone A,2021-09-28,725,8.63,0
Manali,Zone A,2021-10-28,1165,6.65,1
Manali,Zone A,2021-11-27,790,9.71,0
Manali,Zone A,2021-12-27,987,15.36,1
Manali,Zone A,2022-01-26,1408,16.62,1
Manali,Zone A,2022-02-25,2183,18.09,0
Manali,Zone A,2022-03-27,1339,5.93,0
Manali,Zone A,2022-04-26,673,19.15,0
Manali,Zone A,2022-05-26,1067,24.57,0
Manali,Zone A,2022-06-25,1042,34.13,0
Manali,Zone A,2022-07-25,1006,21.85,0
Manali,Zone A,2022-08-24,935,16.58,1
Manali,Zone A,2022-09-23,1312,14.65,0
Manali,Zone A,2022-10-23,1176,14.15,1
Manali,Zone A,2022-11-22,1007,9.19,0
Manali,Zone A,2022-12-22,1164,19.12,1
Manali,Zone A,2023-01-21,1303,9.34,1
Manali,Zone A,2023-02-20,1144,15.57,0
Manali,Zone A,2023-03-22,846,10.23,0
Manali,Zone A,2023-04-21,1540,20.47,0
Manali,Zone A,2023-05-21,794,28.53,0
Manali,Zone A,2023-06-20,1066,31.37,0
Manali,Zone A,2023-07-20,1574,31.09,0
Manali,Zone A,2023-08-19,707,9.31,1
Manali,Zone A,2023-09-18,1151,10.2,0
Manali,Zone A,2023-10-18,1019,8.85,1
Manali,Zone A,2023-11-17,1439,8.03,0
Manali,Zone A,2023-12-17,1545,19.0,1
Manali,Zone A,2024-01-16,1787,7.06,1
Manali,Zone A,2024-02-15,1784,13.8,0
Manali,Zone A,2024-03-16,660,15.05,0
Manali,Zone A,2024-04-15,1000,27.76,0
Manali,Zone A,2024-05-15,588,23.27,0
Manali,Zone A,2024-06-14,1500,17.01,0
Manali,Zone A,2024-07-14,1224,15.1,0
Manali,Zone A,2024-08-13,1003,11.1,1
Manali,Zone A,2024-09-12,1478,12.16,0
Manali,Zone A,2024-10-12,797,19.46,1
Manali,Zone A,2024-11-11,1215,14.69,0
Manali,Zone A,2024-12-11,2239,6.34,1
Manali,Zone A,2025-01-10,1589,13.03,1
Manali,Zone B,2021-01-01,1769,18.7,1
Manali,Zone B,2021-01-31,1024,18.23,1
Manali,Zone B,2021-03-02,589,19.96,0
Manali,Zone B,2021-04-01,932,18.73,0
Manali,Zone B,2021-05-01,1493,32.53,0
Manali,Zone B,2021-05-31,586,26.36,0
Manali,Zone B,2021-06-30,715,20.69,0
Manali,Zone B,2021-07-30,1195,25.49,0
Manali,Zone B,2021-08-29,1344,17.77,1
Manali,Zone B,2021-09-28,948,7.89,0
Manali,Zone B,2021-10-28,599,7.44,1
Manali,Zone B,2021-11-27,1518,8.86,0
Manali,Zone B,2021-12-27,938,16.05,1
Manali,Zone B,2022-01-26,1938,13.52,1
Manali,Zone B,2022-02-25,1861,7.63,0
Manali,Zone B,2022-03-27,1439,18.46,0
Manali,Zone B,2022-04-26,1355,25.31,0
Manali,Zone B,2022-05-26,707,28.39,0
Manali,Zone B,2022-06-25,761,24.55,0
Manali,Zone B,2022-07-25,1421,15.14,0
Manali,Zone B,2022-08-24,852,11.7,1
Manali,Zone B,2022-09-23,757,9.53,0
Manali,Zone B,2022-10-23,1286,5.17,1
Manali,Zone B,2022-11-22,1745,15.39,0
Manali,Zone B,2022-12-22,914,6.77,1
Manali,Zone B,2023-01-21,1161,11.08,1
Manali,Zone B,2023-02-20,1601,16.55,0
Manali,Zone B,2023-03-22,1136,14.58,0
Manali,Zone B,2023-04-21,1438,22.35,0
Manali,Zone B,2023-05-21,827,34.15,0
Manali,Zone B,2023-06-20,1125,24.1,0
Manali,Zone B,2023-07-20,1115,23.32,0
Manali,Zone B,2023-08-19,1082,16.36,1
Manali,Zone B,2023-09-18,1391,17.38,0
Manali,Zone B,2023-10-18,1243,15.21,1
Manali,Zone B,2023-11-17,1585,12.88,0
Manali,Zone B,2023-12-17,1640,10.43,1
Manali,Zone B,2024-01-16,2202,6.68,1
Manali,Zone B,2024-02-15,2062,18.54,0
Manali,Zone B,2024-03-16,753,13.05,0
Manali,Zone B,2024-04-15,651,32.09,0
Manali,Zone B,2024-05-15,1071,28.61,0
Manali,Zone B,2024-06-14,1529,24.78,0
Manali,Zone B,2024-07-14,1450,23.91,0
Manali,Zone B,2024-08-13,572,6.98,1
Manali,Zone B,2024-09-12,941,13.46,0
Manali,Zone B,2024-10-12,1090,15.09,1
Manali,Zone B,2024-11-11,1307,5.33,0
Manali,Zone B,2024-12-11,1040,16.19,1
Manali,Zone B,2025-01-10,1556,5.68,1
Manali,Zone C,2021-01-01,1357,5.96,1
Manali,Zone C,2021-01-31,758,19.79,1
Manali,Zone C,2021-03-02,891,9.31,0
Manali,Zone C,2021-04-01,780,17.71,0
Manali,Zone C,2021-05-01,1473,27.92,0
Manali,Zone C,2021-05-31,1111,34.86,0
Manali,Zone C,2021-06-30,1083,32.39,0
Manali,Zone C,2021-07-30,1424,22.51,0
Manali,Zone C,2021-08-29,1268,18.12,1
Manali,Zone C,2021-09-28,703,17.9,0
Manali,Zone C,2021-10-28,566,19.89,1
Manali,Zone C,2021-11-27,1388,6.91,0
Manali,Zone C,2021-12-27,992,16.34,1
Manali,Zone C,2022-01-26,1225,15.1,1
Manali,Zone C,2022-02-25,1593,12.98,0
Manali,Zone C,2022-03-27,1301,8.71,0
Manali,Zone C,2022-04-26,793,20.51,0
Manali,Zone C,2022-05-26,1835,30.31,0
Manali,Zone C,2022-06-25,707,23.38,0
Manali,Zone C,2022-07-25,1188,19.81,0
Manali,Zone C,2022-08-24,493,13.91,1
Manali,Zone C,2022-09-23,1010,15.08,0
Manali,Zone C,2022-10-23,1305,8.67,1
Manali,Zone C,2022-11-22,819,11.58,0
Manali,Zone C,2022-12-22,1533,16.32,1
Manali,Zone C,2023-01-21,1855,7.1,1
Manali,Zone C,2023-02-20,1153,17.24,0
Manali,Zone C,2023-03-22,1296,9.78,0
Manali,Zone C,2023-04-21,1209,28.45,0
Manali,Zone C,2023-05-21,953,21.04,0
Manali,Zone C,2023-06-20,844,25.43,0
Manali,Zone C,2023-07-20,899,20.5,0
Manali,Zone C,2023-08-19,1121,18.2,1
Manali,Zone C,2023-09-18,1377,14.39,0
Manali,Zone C,2023-10-18,979,12.43,1
Manali,Zone C,2023-11-17,2230,19.12,0
Manali,Zone C,2023-12-17,1777,16.79,1
Manali,Zone C,2024-01-16,1317,11.24,1
Manali,Zone C,2024-02-15,954,10.65,0
Manali,Zone C,2024-03-16,1309,12.1,0
Manali,Zone C,2024-04-15,1326,21.01,0
Manali,Zone C,2024-05-15,1404,31.12,0
Manali,Zone C,2024-06-14,1637,26.25,0
Manali,Zone C,2024-07-14,1497,26.15,0
Manali,Zone C,2024-08-13,636,8.64,1
Manali,Zone C,2024-09-12,692,14.7,0
Manali,Zone C,2024-10-12,1459,17.71,1
Manali,Zone C,2024-11-11,928,15.87,0
Manali,Zone C,2024-12-11,955,9.03,1
Manali,Zone C,2025-01-10,1837,14.04,1
Manali,Zone D,2021-01-01,2009,7.82,1
Manali,Zone D,2021-01-31,1968,15.86,1
Manali,Zone D,2021-03-02,1027,12.19,0
Manali,Zone D,2021-04-01,1375,21.06,0
Manali,Zone D,2021-05-01,1619,19.24,0
Manali,Zone D,2021-05-31,921,17.35,0
Manali,Zone D,2021-06-30,1548,33.29,0
Manali,Zone D,2021-07-30,1266,29.08,0
Manali,Zone D,2021-08-29,867,13.28,1
Manali,Zone D,2021-09-28,1266,10.71,0
Manali,Zone D,2021-10-28,1112,10.39,1
Manali,Zone D,2021-11-27,1142,12.69,0
Manali,Zone D,2021-12-27,1532,6.48,1
Manali,Zone D,2022-01-26,1878,16.42,1
Manali,Zone D,2022-02-25,1192,10.56,0
Manali,Zone D,2022-03-27,834,13.44,0
Manali,Zone D,2022-04-26,815,17.92,0
Manali,Zone D,2022-05-26,961,33.7,0
Manali,Zone D,2022-06-25,1395,23.35,0
Manali,Zone D,2022-07-25,606,21.6,0
Manali,Zone D,2022-08-24,933,17.5,1
Manali,Zone D,2022-09-23,1051,14.82,0
Manali,Zone D,2022-10-23,1187,8.86,1
Manali,Zone D,2022-11-22,2036,19.5,0
Manali,Zone D,2022-12-22,1824,12.36,1
Manali,Zone D,2023-01-21,1095,16.92,1
Manali,Zone D,2023-02-20,944,15.8,0
Manali,Zone D,2023-03-22,947,18.75,0
Manali,Zone D,2023-04-21,1119,34.14,0
Manali,Zone D,2023-05-21,1151,31.78,0
Manali,Zone D,2023-06-20,762,15.97,0
Manali,Zone D,2023-07-20,511,17.75,0
Manali,Zone D,2023-08-19,1104,6.02,1
Manali,Zone D,2023-09-18,556,8.28,0
Manali,Zone D,2023-10-18,961,5.91,1
Manali,Zone D,2023-11-17,1799,19.01,0
Manali,Zone D,2023-12-17,2174,14.89,1
Manali,Zone D,2024-01-16,675,12.98,1
Manali,Zone D,2024-02-15,1284,5.25,0
Manali,Zone D,2024-03-16,1209,13.04,0
Manali,Zone D,2024-04-15,697,25.04,0
Manali,Zone D,2024-05-15,1528,23.61,0
Manali,Zone D,2024-06-14,1699,17.14,0
Manali,Zone D,2024-07-14,632,17.98,0
Manali,Zone D,2024-08-13,754,12.9,1
Manali,Zone D,2024-09-12,1324,9.01,0
Manali,Zone D,2024-10-12,826,10.6,1
Manali,Zone D,2024-11-11,1389,13.48,0
Manali,Zone D,2024-12-11,1776,9.5,1
Manali,Zone D,2025-01-10,1940,14.81,1
